Name,Email
ABLEIGES,mairie.ableiges95@wanadoo.fr
AINCOURT,mairie.aincourt@wanadoo.fr
AMBLEVILLE,mairie.ambleville@wanadoo.fr
AMENUCOURT,mairie.amenucourt@wanadoo.fr
ANDILLY,mairie.andilly@wanadoo.fr
ARGENTEUIL,christian.bournery@ville-argenteuil.fr
ARNOUVILLE-LES-GONESSE,webmaster@villedarnouville.com
ARRONVILLE,arronville@wanadoo.fr
ARTHIES,mairie-arthies-95@wanadoo.fr
ASNIERES-SUR-OISE,herve.pellin@ville-asnieres-sur-oise.fr
ATTAINVILLE,mairie@attainville.fr
AUVERS-SUR-OISE,communication@auvers-sur-oise.com
AVERNES,mairie.avernes@orange.fr
BAILLET-EN-FRANCE,info@baillet-en-france.fr
BANTHELU,mairie.banthelu@wanadoo.fr
BEAUCHAMP,accueil-mairie@ville-beauchamp.fr
BEAUMONT-SUR-OISE,beaumont.sg@wanadoo.fr
BELLEFONTAINE,mairiebellefontaine2@wanadoo.fr
BELLOY-EN-FRANCE,secretariat@mairie-belloy-en-france.fr
BERNES-SUR-OISE,mairiebernes@wanadoo.fr
BERVILLE,mairie.de.berville@wanadoo.fr
BESSANCOURT,melody.quesnel@ville-bessancourt.fr
BETHEMONT-LA-FORET,mairie.bethemont-laforet@wanadoo.fr
BEZONS,courrier@mairie-bezons.fr
BOISEMONT,commune.boisemont@wanadoo.fr
BOISSY-L'AILLERIE,mairie.boissy-laillerie@wanadoo.fr
BONNEUIL-EN-FRANCE,bonneuil-en-france95@orange.fr
BOUFFEMONT,info@ville-bouffemont.fr
BOUQUEVAL,mairiebouqueval@wanadoo.fr
BRAY-ET-LU,mairie.brayetlu@wanadoo.fr
BREANCON,mairie.breancon@wanadoo.fr
BRIGNANCOURT,brignancourt@wanadoo.fr
BRUYERES-SUR-OISE,mairie.bruyeres.sur.oise@wanadoo.fr
BUHY,mairie.buhy@wanadoo.fr
BUTRY-SUR-OISE,mairiedebutrysuroise@wanadoo.fr
CERGY,contact@ville-cergy.fr
CHAMPAGNE-SUR-OISE,cjacqueline@villedechampagne.fr 
CHARMONT,mairie.charmont@wanadoo.fr
CHARS,mairie.chars@wanadoo.fr
CHATENAY-EN-FRANCE,mairie.chaumontel@wanadoo.fr
CHAUMONTEL,mairie.chaussy@wanadoo.fr
CHAUSSY,mairie.de.chauvry@wanadoo.fr
CHAUVRY,mairie.chennevieres@wanadoo.fr
CHENNEVIERES-LES-LOUVRES,mairie.cherence@wanadoo.fr
CHERENCE,commune-de-clery@wanadoo.fr
CLERY-EN-VEXIN,mairiecommeny@wanadoo.fr
COMMENY,mairie.condecourt@wanadoo.fr
CONDECOURT,contact@ville-cormeilles95.fr
CORMEILLES-EN-PARISIS,mairie-cormeillesenvexin@wanadoo.fr
CORMEILLES-EN-VEXIN,mairie-courcellessurviosne95@wanadoo.fr
COURCELLES-SUR-VIOSNE,communication@ville-courdimanche.fr
COURDIMANCHE,accueil@mairie-deuillabarre.fr
DEUIL-LA-BARRE,mairiedomont@magic.fr
DOMONT,information@eaubonne.fr
EAUBONNE,contact@ecouen.fr
ECOUEN,direction.generale@enghien95.fr
ENGHIEN-LES-BAINS,mairie@ennery.fr
ENNERY,mairieepiais-leslouvres@wanadoo.fr
EPIAIS-LES-LOUVRES,mairie.epiais-rhus@wanadoo.fr
EPIAIS-RHUS,mairie.ep.champlatreux@wanadoo.fr
EPINAY-CHAMPLATREUX,bureauetconseil@eragny.fr
ERAGNY-SUR-OISE,mairie@ville-ermont.fr
ERMONT,secret.mairie@ezanville.fr
EZANVILLE,mairiefontenay@roissy-online.com
FONTENAY-EN-PARISIS,contact@ville-fosses95.fr
FOSSES,Communication@ville-franconville.fr
FRANCONVILLE,fremainville-mairie@wanadoo.fr
FREMAINVILLE,mairiefremecourt@orange.fr
FREMECOURT,mairie@frepillon.fr
FREPILLON,mairie-frouville95@wanadoo.fr
FROUVILLE,mairie-gadancourt@orange.fr
GADANCOURT,communication@villedegarges.com
GARGES-LES-GONESSE,mairie-genainville@wanadoo.fr
GENAINVILLE,mairie.genicourt@wanadoo.fr
GENICOURT,contact@villaeroport.org
GONESSE,maire@ville-goussainville.fr
GOUSSAINVILLE,mairiedegouzangrez@orange.fr
GOUZANGREZ,assistante_du_maire@mairie-groslay.fr 
GRISY-LES-PLATRES,mairie.guiry-en-vexin@wanadoo.fr
GROSLAY,commune.haravilliers@orange.fr
GUIRY-EN-VEXIN,mairie-hauteisle@wanadoo.fr
HARAVILLIERS,mairie-hedouville@wanadoo.fr
HAUTE-ISLE,mairie@herblay.fr
HEDOUVILLE,mairie@herouville-en-vexin.net
HERBLAY,mairie.hodent@orange.fr
HEROUVILLE,mairie.jagny-sous-bois@wanadoo.fr
HODENT,secretariatgeneral@jouylemoutier.fr
JAGNY-SOUS-BOIS,mairie@labbeville.fr
JOUY-LE-MOUTIER,la-chapelle-en-vexin@wanadoo.fr
LABBEVILLE,mairie@ville-la-frette95.fr
LA-CHAPELLE-EN-VEXIN,mairie.larocheguyon@wanadoo.fr
LA-FRETTE-SUR-SEINE,mairie.bellay@wanadoo.fr
LA-ROCHE-GUYON,mairie.le.heaulme@cegetel.net
LASSY,mairie.mesnil-aubry@wanadoo.fr
LE-BELLAY-EN-VEXIN,mairie.leperchay@wanadoo.fr
LE-HEAULME,mairie@ville-le-plessis-bouchard.fr
LE-MESNIL-AUBRY,le.plessis.gassot@wanadoo.fr
LE-PERCHAY,mairieplessisluzarches@orange.fr
LE-PLESSIS-BOUCHARD,p.bezillot@mairie-le-thillay.fr
LE-PLESSIS-GASSOT,m.martin@ville-isle-adam.fr
LE-PLESSIS-LUZARCHES,mairie-de-livilliers@wanadoo.fr
LE-THILLAY,mairie.longuesse@orange.fr
L'ISLE-ADAM,communication@ville-louvres.fr
LIVILLIERS,v.coquillard@luzarches.net
LONGUESSE,mairie-maffliers@wanadoo.fr
LOUVRES,mairie@magny-en-vexin.fr
LUZARCHES,mairie.mareil.france@wanadoo.fr
MAFFLIERS,info@mairie-margency.fr
MAGNY-EN-VEXIN,mairie.marines@wanadoo.fr
MAREIL-EN-FRANCE,mairie.maudetour@wanadoo.fr
MARGENCY,communication@menucourt.fr
MARINES,accueil.mairie@ville-de-meriel.fr
MARLY-LA-VILLE,services.administratifs@merysuroise.fr
MAUDETOUR-EN-VEXIN,mairie.moisselles@orange.fr
MENOUVILLE,mairie-de-montgeroult@wanadoo.fr
MENUCOURT,communication@ville-montigny95.fr
MERIEL,mairie.montlignon@wanadoo.fr
MERY-SUR-OISE,communication@ville-montmagny.fr
MOISSELLES,directiongenerale@ville-montmorency.fr
MONTGEROULT,mairiemontreuilept@orange.fr
MONTIGNY-LES-CORMEILLES,mairie-montsoult@wanadoo.fr
MONTLIGNON,secretaire.mairie.mours@wanadoo.fr
MONTMAGNY,mairie.de.st.denis.catus@wanadoo.fr
MONTMORENCY,mairie-nerville95@wanadoo.fr
MONTREUIL-SUR-EPTE,pontenay@wanadoo.fr
MONTSOULT,affgenerales@neuville-sur-oise.fr
MOURS,nointel-mairie@wanadoo.fr
MOUSSY,mairie.de.noisy.sur.oise@wanadoo.fr
NERVILLE-LA-FORET,mairie.nucourt@wanadoo.fr
NESLES-LA-VALLEE,Mairie.omerville@orange.fr
NEUILLY-EN-VEXIN,communication@ville-osny.fr
NEUVILLE-SUR-OISE,communication@ville-parmain.fr
NOINTEL,mairie@ville-persan.fr
NOISY-SUR-OISE,mairie@ville-pierrelaye.fr
NUCOURT,mairie.piscop@wanadoo.fr
OMERVILLE,mairie@ville-pontoise.fr
OSNY,mairie@ville-presles.fr
PARMAIN,vsimil@roissy-online.com
PERSAN,mairie.puiseux-pontoise.95@wanadoo.fr
PIERRELAYE,accueil@ville-roissy95.fr
PISCOP,mairie.ronquerolles95@wanadoo.fr
PONTOISE,mairie.sagy@wanadoo.fr
PRESLES,info@saintbrice95.fr
PUISEUX-EN-FRANCE,mairie-stclairsurepte@orange.fr
PUISEUX-PONTOISE,mairie.stcyrenarthies@wanadoo.fr
ROISSY-EN-FRANCE,mairie.saintgervais@wanadoo.fr
RONQUEROLLES,info@mairie-saintgratien.fr
SAGY,mairie@saint-leu-la-foret.fr
SAINT-BRICE-SOUS-FORET,mairiesaintmartindutertre@wanadoo.fr
SAINT-CLAIR-SUR-EPTE,courrier@ville-saintouenlaumone.fr
SAINT-CYR-EN-ARTHIES,communication@saintprix.fr
SAINT-GERVAIS,mairie@saint-witz.fr
SAINT-GRATIEN,secretariat.general@sannois.org
SAINT-LEU-LA-FORET,mairie@santeuil95.fr
SAINT-MARTIN-DU-TERTRE,comsarcelles@yahoo.fr
SAINT-OUEN-L'AUMONE,mairie.seraincourt95@wanadoo.fr
SAINT-PRIX,mairie.seugy@wanadoo.fr
SAINT-WITZ,mairie@soisy-sous-montmorency.fr
SANNOIS,vincent@roissy-online.com
SANTEUIL,mairie@ville-taverny.fr
SARCELLES,mairie.themericourt@wanadoo.fr
SERAINCOURT,mairie.theuville.mts@wanadoo.fr
SEUGY,mairie.us.95@wanadoo.fr
SOISY-SOUS-MONTMORENCY,secretariat@vallangoujard.fr
SURVILLIERS,mairievalmondois@gmail.com
TAVERNY,communication@mairie-vaureal.fr
THEMERICOURT,sandrine_ravenel@yahoo.fr
THEUVILLE,mairiedevetheuil@orange.fr
US,ville-viarmes@wanadoo.fr
VALLANGOUJARD,mairie.viennearthies@wanadoo.fr
VALMONDOIS,mairie.vigny@wanadoo.fr
VAUDHERLAND,mairie@villaines-sous-bois.fr
VAUREAL,accueilvilleron@roissy-online.com
VEMARS,mairie.villers@free.fr
VETHEUIL,mairie.villiersadam@wanadoo.fr
VIARMES,secretariatgeneral@ville-villiers-le-bel.fr
VIENNE-EN-ARTHIES,mairie.villiers-le-sec@wanadoo.fr
VIGNY,mairie.wy-dit-joli-village@wanadoo.fr
VILLAINES-SOUS-BOIS,
VILLERON,
VILLERS-EN-ARTHIES,
VILLIERS-ADAM,
VILLIERS-LE-BEL,
VILLIERS-LE-SEC,
WY-DIT-JOLI-VILLAGE,
